date,time,timezone,text,image,post_link,utc_time
2/3/2026,11:20:05,EST,https://t.co/uAxTGrJisv,,https://twitter.com/realDonaldTrump/status/2028505632123326484,2026-03-02T16:20:05.000Z
28/2/2026,2:44:23,EST,https://t.co/BZuJDudLej,,https://twitter.com/realDonaldTrump/status/2027651077865157033,2026-02-28T07:44:23.000Z
2/2/2026,21:29:10,EST,"RT @DanScavino: On behalf of Erin and me, thank you to everyone for the love and support we've received. We both had an unforgettable weddi…",,https://twitter.com/realDonaldTrump/status/2018512054379004088,2026-02-03T02:29:10.000Z
2/2/2026,18:28:53,EST,"RT @THR: Box Office: ‘Melania’ Heads for $8 Million Opening, the Best Showing in a Decade for a Doc https://t.co/2FKjEMRoxW",,https://twitter.com/realDonaldTrump/status/2018466683707625610,2026-02-02T23:28:53.000Z
2/2/2026,18:28:47,EST,"RT @FoxNews: RECORD BREAKER: “Melania,” a documentary following the first lady in the 20 days before President Trump’s second inauguration,…",,https://twitter.com/realDonaldTrump/status/2018466659422687405,2026-02-02T23:28:47.000Z
31/1/2026,14:06:19,EST,"RT @MELANIATRUMP: MELANIA, the film. #1 Highest Opening In 10 Yrs (Doc) Loved By All - “A” CinemaScore https://t.co/HTVM0Cu2Jv",https://pbs.twimg.com/media/HAAt9yXWIAEZY_X.jpg,https://twitter.com/realDonaldTrump/status/2017675831116521939,2026-01-31T19:06:19.000Z
30/1/2026,21:01:43,EST,"Last night I saw, “MELANIA,” for the second time. The audience loved it, and so do I. Check it out — A MUST SEE! https://t.co/rjwd5Appkv",,https://twitter.com/realDonaldTrump/status/2017417980594827718,2026-01-31T02:01:43.000Z
26/1/2026,12:05:08,EST,"MELANIA, the Movie, is a MUST WATCH. Get your tickets today — Selling out, FAST!  Photo: Regine Mahaux https://t.co/rjwd5Appkv https://t.co/vFpXfV0Mg0",https://pbs.twimg.com/media/G_mtyaXXcAAvj4V.jpg,https://twitter.com/realDonaldTrump/status/2015833393917747502,2026-01-26T17:05:08.000Z
23/1/2026,20:35:51,EST,I have been briefed on the Record Cold Wave and Historic Winter Storm that will be hitting much of the United States this weekend. The Trump Administration is coordinating with State and Local Officials. FEMA is fully prepared to respond. Stay Safe and Stay Warm! President DJT https://t.co/t524rfMjvj,,https://twitter.com/realDonaldTrump/status/2014874759473828043,2026-01-24T01:35:51.000Z
23/1/2026,13:51:21,EST,"COUNTDOWN: 7 Days until the World will witness an unforgettable, behind-the-scenes, look at one of the most important events of our time.  MELANIA: TWENTY DAYS TO HISTORY: https://t.co/rjwd5Appkv https://t.co/AHD0rn1M7C",,https://twitter.com/realDonaldTrump/status/2014772963719991311,2026-01-23T18:51:21.000Z
24/12/2025,21:12:53,EST,"Merry Christmas to all, including the Radical Left Scum that is doing everything possible to destroy our Country, but are failing badly. We no longer have Open Borders, Men in Women’s Sports, Transgender for Everyone, or Weak Law Enforcement. What we do have is a Record Stock",,https://twitter.com/realDonaldTrump/status/2004012442427277591,2025-12-25T02:12:53.000Z
23/12/2025,15:35:55,EST,"THE TRUMP KENNEDY CENTER HONORS will be broadcast tonight, on CBS, and Stream on Paramount+. Tune in at 8 P.M. EST! At the request of the Board, and just about everybody else in America, I am hosting the event. Tell me what you think of my “Master of Ceremony” abilities. If",,https://twitter.com/realDonaldTrump/status/2003565251816554746,2025-12-23T20:35:55.000Z
2/12/2025,11:52:21,EST,"I am asking all America First Patriots in Tennessee’s 7th Congressional District to please GET OUT AND VOTE for a phenomenal Candidate and MAGA Warrior, Matt Van Epps! You can win this Election for Matt, who has my Complete and Total Endorsement. HE WILL BE A GREAT CONGRESSMAN",,https://twitter.com/realDonaldTrump/status/1995898845134303294,2025-12-02T16:52:21.000Z
1/12/2025,21:10:14,EST,"I am asking all America First Patriots in Tennessee’s 7th Congressional District to please GET OUT AND VOTE TOMORROW for a phenomenal Candidate, Matt Van Epps, on Election Day, Tuesday, December 2nd! You can win this Election for MAGA Warrior Matt Van Epps, who has my Complete",,https://twitter.com/realDonaldTrump/status/1995676855651664182,2025-12-02T02:10:14.000Z
29/11/2025,8:27:23,EST,"To all Airlines, Pilots, Drug Dealers, and Human Traffickers, please consider THE AIRSPACE ABOVE AND SURROUNDING VENEZUELA TO BE CLOSED IN ITS ENTIRETY. Thank you for your attention to this matter! PRESIDENT DONALD J. TRUMP",,https://twitter.com/realDonaldTrump/status/1994760100376891748,2025-11-29T13:27:23.000Z
28/11/2025,11:10:22,EST,"The United States did not attend the G20 in South Africa, because the South African Government refuses to acknowledge or address the horrific Human Right Abuses endured by Afrikaners, and other descendants of Dutch, French, and German settlers. To put it more bluntly, they are",,https://twitter.com/realDonaldTrump/status/1994438728237064270,2025-11-28T16:10:22.000Z
28/11/2025,11:08:50,EST,"Democracy is on trial in the coming Elections in the beautiful country of Honduras on November 30th. Will Maduro and his Narcoterrorists take over another country like they have taken over Cuba, Nicaragua, and Venezuela? The man who is standing up for Democracy, and fighting",,https://twitter.com/realDonaldTrump/status/1994438342403141889,2025-11-28T16:08:50.000Z
28/11/2025,0:10:34,EST,"A very Happy Thanksgiving salutation to all of our Great American Citizens and Patriots who have been so nice in allowing our Country to be divided, disrupted, carved up, murdered, beaten, mugged, and laughed at, along with certain other foolish countries throughout the World,",,https://twitter.com/realDonaldTrump/status/1994272683387687053,2025-11-28T05:10:34.000Z
26/11/2025,16:59:16,EST,https://t.co/oQK0HLgf88,https://pbs.twimg.com/media/G6toIexXAAAuXuy.jpg,https://twitter.com/realDonaldTrump/status/1993801758326616561,2025-11-26T21:59:16.000Z
25/11/2025,18:57:56,EST,"I am asking all America First Patriots in Tennessee’s 7th Congressional District, who haven’t voted yet, to please GET OUT AND VOTE for MAGA Warrior Matt Van Epps, tomorrow, November 26th, the last day to vote early in person. You can win this Election for Matt! PLEASE VOTE FOR",,https://twitter.com/realDonaldTrump/status/1993469230528790869,2025-11-25T23:57:56.000Z
14/10/2025,22:14:08,EDT,"RT @kaitrump: I had an amazing time filming with my Grandpa to kick off my new series called 1 on 1 with Kai. In the video, everyone gets t…",,https://twitter.com/realDonaldTrump/status/1978283219461030105,2025-10-15T02:14:08.000Z
14/10/2025,13:20:04,EDT,"Don’t forget to get a copy of my son Eric’s book, “UNDER SIEGE,” which is breaking records everywhere. It’s a phenomenal book, that’s a must read for everyone—Congratulations Eric, you deserve it!!! https://t.co/na0jBJ1nxp https://t.co/jUtJ6xrP5P",https://pbs.twimg.com/media/G3PL3OzXoAEjS8T.jpg,https://twitter.com/realDonaldTrump/status/1978148814776046046,2025-10-14T17:20:04.000Z
13/10/2025,22:46:13,EDT,https://t.co/08KV4EtQDZ,,https://twitter.com/realDonaldTrump/status/1977928905169269143,2025-10-14T02:46:13.000Z
12/10/2025,0:43:54,EDT,"I am pleased to announce that the great Dan Scavino, in addition to remaining Deputy Chief of Staff of the Trump Administration, will head the White House Presidential Personnel Office, replacing Sergio Gor, who did a wonderful job in that position, and will now become the",,https://twitter.com/realDonaldTrump/status/1977233745997381756,2025-10-12T04:43:54.000Z
2/10/2025,23:33:23,EDT,https://t.co/BlX7O7Idjj,,https://twitter.com/realDonaldTrump/status/1973954507001507920,2025-10-03T03:33:23.000Z
2/10/2025,23:30:37,EDT,https://t.co/na2ivYVFoT,,https://twitter.com/realDonaldTrump/status/1973953812517040164,2025-10-03T03:30:37.000Z
30/9/2025,23:02:36,EDT,"It was great being with King Charles, Queen Camilla, and the Royal Family! https://t.co/XFxJAH7aF2","https://pbs.twimg.com/media/G2JK8DdXMAEUKDp.jpg, https://pbs.twimg.com/media/G2JK8DmWAAAIy8e.jpg, https://pbs.twimg.com/media/G2JK8DdXwAE5adc.jpg, https://pbs.twimg.com/media/G2JK8DrXgAAtbsi.jpg",https://twitter.com/realDonaldTrump/status/1973221986429222933,2025-10-01T03:02:36.000Z
30/9/2025,23:01:51,EDT,"Yes, I’m watching. Congratulations! https://t.co/3iN3YnTUnn",,https://twitter.com/realDonaldTrump/status/1973221796427211262,2025-10-01T03:01:51.000Z
30/9/2025,23:00:58,EDT,https://t.co/NNNumraCkN,https://pbs.twimg.com/media/G2JKkCOWoAAJCh0.jpg,https://twitter.com/realDonaldTrump/status/1973221572585595221,2025-10-01T03:00:58.000Z
30/9/2025,22:49:30,EDT,https://t.co/AdZzv7LJLt,https://pbs.twimg.com/media/G2JH8HVXsAA1wyz.jpg,https://twitter.com/realDonaldTrump/status/1973218687831384293,2025-10-01T02:49:30.000Z
30/9/2025,22:48:50,EDT,https://t.co/2yyuRkm9r8,,https://twitter.com/realDonaldTrump/status/1973218518893207825,2025-10-01T02:48:50.000Z
30/9/2025,22:48:04,EDT,What a great couple—Congratulations! President DJT https://t.co/pTmr43r784,,https://twitter.com/realDonaldTrump/status/1973218327330955749,2025-10-01T02:48:04.000Z
29/9/2025,20:35:34,EDT,https://t.co/JzQYLShOCt,,https://twitter.com/realDonaldTrump/status/1972822596397003159,2025-09-30T00:35:34.000Z
16/9/2025,22:08:27,EDT,https://t.co/gZgTprtUvt,,https://twitter.com/realDonaldTrump/status/1968134929080082432,2025-09-17T02:08:27.000Z
15/9/2025,14:20:42,EDT,"MY son Eric’s just out book, “UNDER SIEGE,” immediately went to NUMBER ONE on Amazon. Great going Eric, you deserve it!!! https://t.co/na0jBJ1VmX https://t.co/LBnGcsLMWH",https://pbs.twimg.com/media/G06DoOyWAAAo777.jpg,https://twitter.com/realDonaldTrump/status/1967654825308590378,2025-09-15T18:20:42.000Z
11/9/2025,9:03:39,EDT,https://t.co/HGH3yQKdO7,,https://twitter.com/realDonaldTrump/status/1966125485894648215,2025-09-11T13:03:39.000Z
10/9/2025,21:15:39,EDT,TO MY GREAT FELLOW AMERICANS… https://t.co/oRsrE5TTHr,,https://twitter.com/realDonaldTrump/status/1965947311718269341,2025-09-11T01:15:39.000Z
4/9/2025,22:23:23,EDT,https://t.co/uCKSkNF0D3,,https://twitter.com/realDonaldTrump/status/1963790032939933822,2025-09-05T02:23:23.000Z
4/9/2025,22:18:44,EDT,https://t.co/KBZz0iosQX,,https://twitter.com/realDonaldTrump/status/1963788861743530185,2025-09-05T02:18:44.000Z
4/9/2025,10:24:03,EDT,https://t.co/jauBk37XWF,,https://twitter.com/realDonaldTrump/status/1963609005844017347,2025-09-04T14:24:03.000Z
4/9/2025,8:54:15,EDT,https://t.co/tIFFgTibCa,,https://twitter.com/realDonaldTrump/status/1963586403943481687,2025-09-04T12:54:15.000Z
4/9/2025,8:52:21,EDT,https://t.co/IVIHaB3DYr,,https://twitter.com/realDonaldTrump/status/1963585926354923597,2025-09-04T12:52:21.000Z
29/7/2025,22:16:19,EDT,"Due to a massive earthquake that occurred in the Pacific Ocean, a Tsunami Warning is in effect for those living in Hawaii. A Tsunami Watch is in effect for Alaska and the Pacific Coast of the United States. Japan is also in the way. Please visit https://t.co/wdFzeu1I0h for the",,https://twitter.com/realDonaldTrump/status/1950379902789964153,2025-07-30T02:16:19.000Z
21/7/2025,14:36:51,EDT,https://t.co/W4F1joXP8E,,https://twitter.com/realDonaldTrump/status/1947365170784669754,2025-07-21T18:36:51.000Z
17/7/2025,10:20:41,EDT,https://t.co/iDGcFKBR9r,,https://twitter.com/realDonaldTrump/status/1945851150948876456,2025-07-17T14:20:41.000Z
4/7/2025,23:41:44,EDT,HAPPY 4TH OF JULY! 🎇🎆🇺🇸🦅https://t.co/54aoHX14mj,,https://twitter.com/realDonaldTrump/status/1941341699374186746,2025-07-05T03:41:44.000Z
4/7/2025,17:17:03,EDT,https://t.co/PTPGtD7bjV,,https://twitter.com/realDonaldTrump/status/1941244891578904902,2025-07-04T21:17:03.000Z
25/6/2025,12:55:38,EDT,https://t.co/dQgHNdzAXb,https://pbs.twimg.com/media/GuTdzKoWMAAj13D.jpg,https://twitter.com/realDonaldTrump/status/1937917613989859810,2025-06-25T16:55:38.000Z
24/6/2025,21:48:52,EDT,https://t.co/z5HB3iOgwQ,https://pbs.twimg.com/media/GuQOQYCXEAAsv60.jpg,https://twitter.com/realDonaldTrump/status/1937689416501187006,2025-06-25T01:48:52.000Z
21/6/2025,22:30:31,EDT,https://t.co/2uweRciDEo,https://pbs.twimg.com/media/GuA7BcwW8AATE-I.jpg,https://twitter.com/realDonaldTrump/status/1936612737875956028,2025-06-22T02:30:31.000Z
21/6/2025,21:54:32,EDT,https://t.co/2OYrMFlw46,,https://twitter.com/realDonaldTrump/status/1936603680805097741,2025-06-22T01:54:32.000Z
21/6/2025,19:53:21,EDT,https://t.co/wu9mMkxtUg,https://pbs.twimg.com/media/GuAXDBLXAAA2KxP.jpg,https://twitter.com/realDonaldTrump/status/1936573183634645387,2025-06-21T23:53:21.000Z
17/6/2025,12:48:08,EDT,https://t.co/4sy7jjESGk,https://pbs.twimg.com/media/GtqPXO6W8AAoliY.jpg,https://twitter.com/realDonaldTrump/status/1935016621569179804,2025-06-17T16:48:08.000Z
17/6/2025,12:47:52,EDT,https://t.co/VoUY2xVnyK,https://pbs.twimg.com/media/GtqPTaxWMAA9yaB.jpg,https://twitter.com/realDonaldTrump/status/1935016557224050887,2025-06-17T16:47:52.000Z
17/6/2025,12:47:28,EDT,https://t.co/QcySkOWWGN,https://pbs.twimg.com/media/GtqPNeWXcAACtBm.jpg,https://twitter.com/realDonaldTrump/status/1935016454644023767,2025-06-17T16:47:28.000Z
14/6/2025,18:03:57,EDT,https://t.co/8C5WxKK3nc,,https://twitter.com/realDonaldTrump/status/1934008938334228752,2025-06-14T22:03:57.000Z
2/6/2025,19:52:36,EDT,https://t.co/U8OkJT3IEK,,https://twitter.com/realDonaldTrump/status/1929687626216280184,2025-06-02T23:52:36.000Z
2/6/2025,13:28:46,EDT,https://t.co/GmmP5VddGr,https://pbs.twimg.com/media/GsdI0M-WIAAFl1r.jpg,https://twitter.com/realDonaldTrump/status/1929591031139360976,2025-06-02T17:28:46.000Z
31/5/2025,8:54:08,EDT,https://t.co/ttc8fsXNVF,,https://twitter.com/realDonaldTrump/status/1928797140408533377,2025-05-31T12:54:08.000Z
26/5/2025,15:50:36,EDT,https://t.co/b19JtrkCiS,,https://twitter.com/realDonaldTrump/status/1927090010353721796,2025-05-26T19:50:36.000Z
24/5/2025,10:18:32,EDT,https://t.co/ymnea3Wf69,,https://twitter.com/realDonaldTrump/status/1926281665929691590,2025-05-24T14:18:32.000Z
22/5/2025,9:44:04,EDT,"“THE ONE, BIG, BEAUTIFUL BILL” has PASSED the House of Representatives! This is arguably the most significant piece of Legislation that will ever be signed in the History of our Country! The Bill includes MASSIVE Tax CUTS, No Tax on Tips, No Tax on Overtime, Tax Deductions when",,https://twitter.com/realDonaldTrump/status/1925548216243703820,2025-05-22T13:44:04.000Z
21/5/2025,10:47:03,EDT,https://t.co/ZuagVWL4KS,,https://twitter.com/realDonaldTrump/status/1925201677914603580,2025-05-21T14:47:03.000Z
19/5/2025,13:50:57,EDT,https://t.co/q5CPyHZkLD,https://pbs.twimg.com/media/GrVHoqEW4AA58wT.jpg,https://twitter.com/realDonaldTrump/status/1924523182909747657,2025-05-19T17:50:57.000Z
17/5/2025,13:31:12,EDT,🇦🇪🇺🇸 https://t.co/7fRFm4zCL5,,https://twitter.com/realDonaldTrump/status/1923793436068487574,2025-05-17T17:31:12.000Z
17/5/2025,13:29:44,EDT,🇶🇦🇺🇸 https://t.co/v1NwTQPWLO,,https://twitter.com/realDonaldTrump/status/1923793069138178293,2025-05-17T17:29:44.000Z
17/5/2025,13:27:58,EDT,🇸🇦🇺🇸 https://t.co/i5cRnVmaFv,,https://twitter.com/realDonaldTrump/status/1923792625028497464,2025-05-17T17:27:58.000Z
16/5/2025,13:37:33,EDT,"THE SUPREME COURT IS BEING PLAYED BY THE RADICAL LEFT LOSERS, WHO HAVE NO SUPPORT, THE PUBLIC HATES THEM, AND THEIR ONLY HOPE IS THE INTIMIDATION OF THE COURT, ITSELF. WE CAN’T LET THAT HAPPEN TO OUR COUNTRY!",,https://twitter.com/realDonaldTrump/status/1923432648103333919,2025-05-16T17:37:33.000Z
16/5/2025,13:16:46,EDT,"Republicans MUST UNITE behind, “THE ONE, BIG BEAUTIFUL BILL!” Not only does it cut Taxes for ALL Americans, but it will kick millions of Illegal Aliens off of Medicaid to PROTECT it for those who are the ones in real need. The Country will suffer greatly without this Legislation,",,https://twitter.com/realDonaldTrump/status/1923427418913616200,2025-05-16T17:16:46.000Z
13/5/2025,13:47:15,EDT,https://t.co/DskIpIscnd,,https://twitter.com/realDonaldTrump/status/1922347924987474196,2025-05-13T17:47:15.000Z
12/5/2025,8:54:40,EDT,https://t.co/9uLRtPVKpp,https://pbs.twimg.com/media/GqwAsLDWsAAe7pQ.jpg,https://twitter.com/realDonaldTrump/status/1921911904429088892,2025-05-12T12:54:40.000Z
12/5/2025,8:54:25,EDT,https://t.co/1Y5vg9zbEx,https://pbs.twimg.com/media/GqwAosfXkAAd0nE.jpg,https://twitter.com/realDonaldTrump/status/1921911844026954234,2025-05-12T12:54:25.000Z
11/5/2025,18:52:27,EDT,https://t.co/ifaRjPPHvv,https://pbs.twimg.com/media/Gqs_7DzXgAAcSHG.jpg,https://twitter.com/realDonaldTrump/status/1921699954696855934,2025-05-11T22:52:27.000Z
10/5/2025,8:03:09,EDT,https://t.co/lRPhZpugBV,https://pbs.twimg.com/media/GqlhuBbWQAE3nQ-.jpg,https://twitter.com/realDonaldTrump/status/1921174163848401313,2025-05-10T12:03:09.000Z
9/5/2025,21:04:06,EDT,"Today, I signed an Executive Order to launch the first-ever self-deportation program. Illegal aliens who stay in America face punishments, including—sudden deportation, in a place and manner solely of our discretion. TO ALL ILLEGAL ALIENS: BOOK YOUR FREE FLIGHT RIGHT NOW! https://t.co/LO4eyfhZOq",,https://twitter.com/realDonaldTrump/status/1921008311492624867,2025-05-10T01:04:06.000Z
8/5/2025,22:40:11,EDT,🇺🇸🇬🇧 https://t.co/rGKLly0JtS,,https://twitter.com/realDonaldTrump/status/1920670100987740317,2025-05-09T02:40:11.000Z
8/5/2025,12:40:16,EDT,https://t.co/0sUAawNN8S,,https://twitter.com/realDonaldTrump/status/1920519130941170088,2025-05-08T16:40:16.000Z
8/5/2025,5:36:52,EDT,RT @nypost: Democratic Rep. Jasmine Crockett accused of ‘abusing her power’ at airport after she cut passengers in wheelchairs https://t.co…,,https://twitter.com/realDonaldTrump/status/1920412577470795798,2025-05-08T09:36:52.000Z
6/5/2025,22:38:22,EDT,https://t.co/44glnqT0VM,,https://twitter.com/realDonaldTrump/status/1919944872020127980,2025-05-07T02:38:22.000Z
5/5/2025,13:41:13,EDT,https://t.co/JgZKhj4K1Z,,https://twitter.com/realDonaldTrump/status/1919447302982299811,2025-05-05T17:41:13.000Z
5/5/2025,11:54:40,EDT,"This was so wonderful, 9 years ago today! https://t.co/1jDZHObj5T",,https://twitter.com/realDonaldTrump/status/1919420490663288913,2025-05-05T15:54:40.000Z
5/5/2025,10:28:01,EDT,https://t.co/EejkjieL01,,https://twitter.com/realDonaldTrump/status/1919398681423299068,2025-05-05T14:28:01.000Z
5/5/2025,10:23:22,EDT,https://t.co/dZONBuFjpB,,https://twitter.com/realDonaldTrump/status/1919397513032790522,2025-05-05T14:23:22.000Z
5/5/2025,10:21:01,EDT,"The Democrats are really out of control. They have lost everything, especially their minds! These Radical Left Lunatics are into the “Impeachment thing” again. They have already got two “No Name,” little respected Congressmen, total Whackjobs both, throwing the “Impeachment” of",,https://twitter.com/realDonaldTrump/status/1919396921593958754,2025-05-05T14:21:01.000Z
5/5/2025,10:17:15,EDT,"REBUILD, AND OPEN ALCATRAZ! For too long, America has been plagued by vicious, violent, and repeat Criminal Offenders, the dregs of society, who will never contribute anything other than Misery and Suffering. When we were a more serious Nation, in times past, we did not hesitate https://t.co/u1jOCMXeW5",https://pbs.twimg.com/media/GqMQdw5XIAAHyJq.jpg,https://twitter.com/realDonaldTrump/status/1919395973802897676,2025-05-05T14:17:15.000Z
5/5/2025,10:16:22,EDT,https://t.co/omDhYkn2PN,https://pbs.twimg.com/media/GqMQQwmX0AAAg4H.jpg,https://twitter.com/realDonaldTrump/status/1919395751030923738,2025-05-05T14:16:22.000Z
1/5/2025,22:07:46,EDT,https://t.co/IDaLzWW3H5,,https://twitter.com/realDonaldTrump/status/1918125229420732456,2025-05-02T02:07:46.000Z
1/5/2025,22:07:30,EDT,https://t.co/30CHzvOXUY,,https://twitter.com/realDonaldTrump/status/1918125161058058627,2025-05-02T02:07:30.000Z
28/4/2025,10:28:08,EDT,"Join me tomorrow, April 29th—in Warren, Michigan at 6:00PM Eastern! https://t.co/TptdFccVat",,https://twitter.com/realDonaldTrump/status/1916861996021989540,2025-04-28T14:28:08.000Z
23/4/2025,19:55:53,EDT,RT @johnrich: A conversation about online child predators with Homeland Security and John Rich: PLS Repost! https://t.co/zChy4K5HQU,,https://twitter.com/realDonaldTrump/status/1915192938537111835,2025-04-23T23:55:53.000Z
18/4/2025,18:30:07,EDT,"Sleepy Joe Biden, THE WORST PRESIDENT IN THE HISTORY OF THE UNITED STATES, has allowed millions and millions of Criminals, many of them murderers, drug dealers, and people released from prisons and mental institutions from all around the world, to enter our Country through it’s",,https://twitter.com/realDonaldTrump/status/1913359413215142354,2025-04-18T22:30:07.000Z
18/4/2025,18:28:37,EDT,"Following my Day One Executive Order, the Office of Personnel Management will be issuing new Civil Service Regulations for career government employees. Moving forward, career government employees, working on policy matters, will be classified as “Schedule Policy/Career,” and will",,https://twitter.com/realDonaldTrump/status/1913359035132158083,2025-04-18T22:28:37.000Z
18/4/2025,18:27:57,EDT,"This is the hand of the man that the Democrats feel should be brought back to the United States, because he is such “a fine and innocent person.” They said he is not a member of MS-13, even though he’s got MS-13 tattooed onto his knuckles, and two Highly Respected Courts found https://t.co/31sNr2k1SK",https://pbs.twimg.com/media/Go2dv7oXAAAybJT.jpg,https://twitter.com/realDonaldTrump/status/1913358867708493982,2025-04-18T22:27:57.000Z
16/4/2025,9:44:57,EDT,https://t.co/Y6OFeGKS4l,,https://twitter.com/realDonaldTrump/status/1912502477359894605,2025-04-16T13:44:57.000Z
7/4/2025,10:56:03,EDT,"The United States has a chance to do something that should have been done DECADES AGO. Don’t be Weak! Don’t be Stupid! Don’t be a PANICAN (A new party based on Weak and Stupid people!). Be Strong, Courageous, and Patient, and GREATNESS will be the result!",,https://twitter.com/realDonaldTrump/status/1909258878035828788,2025-04-07T14:56:03.000Z
7/4/2025,10:55:39,EDT,"Oil prices are down, interest rates are down (the slow moving Fed should cut rates!), food prices are down, there is NO INFLATION, and the long time abused USA is bringing in Billions of Dollars a week from the abusing countries on Tariffs that are already in place. This is",,https://twitter.com/realDonaldTrump/status/1909258777380974625,2025-04-07T14:55:39.000Z
4/4/2025,19:27:15,EDT,"These Houthis gathered for instructions on an attack. Oops, there will be no attack by these Houthis!   They will never sink our ships again! https://t.co/lEzfyDgWP5",,https://twitter.com/realDonaldTrump/status/1908300360810479821,2025-04-04T23:27:15.000Z
3/4/2025,9:08:29,EDT,https://t.co/ZoSf5TdLqo,,https://twitter.com/realDonaldTrump/status/1907782254572470670,2025-04-03T13:08:29.000Z
2/4/2025,16:07:22,EDT,https://t.co/CdTzF2sfMZ,,https://twitter.com/realDonaldTrump/status/1907525286150754745,2025-04-02T20:07:22.000Z
2/4/2025,11:47:38,EDT,https://t.co/k8Eh7B8fq3,,https://twitter.com/realDonaldTrump/status/1907459922113028104,2025-04-02T15:47:38.000Z
2/4/2025,9:42:29,EDT,https://t.co/RPXb6Y9E6y,https://pbs.twimg.com/media/GniMC0aXwAAlnUJ.jpg,https://twitter.com/realDonaldTrump/status/1907428426648023398,2025-04-02T13:42:29.000Z
1/4/2025,16:53:05,EDT,"REPUBLICANS MUST DEFUND AND TOTALLY DISASSOCIATE THEMSELVES FROM NPR &amp; PBS, THE RADICAL LEFT “MONSTERS” THAT SO BADLY HURT OUR COUNTRY!",,https://twitter.com/realDonaldTrump/status/1907174400144589035,2025-04-01T20:53:05.000Z
31/3/2025,14:49:47,EDT,The Iran-backed Houthi Terrorists have been decimated by the relentless strikes over the past two weeks. Many of their Fighters and Leaders are no longer with us. We hit them every day and night — Harder and harder. Their capabilities that threaten Shipping and the Region are,,https://twitter.com/realDonaldTrump/status/1906780985888522694,2025-03-31T18:49:47.000Z
31/3/2025,14:49:06,EDT,"There will never have been a transformation of a Country like the transformation that is happening, for all to see, in the United States of America. Companies are pouring into our Country at levels never seen before, with Jobs (and Money!) to follow. It is a beautiful thing to",,https://twitter.com/realDonaldTrump/status/1906780813204836475,2025-03-31T18:49:06.000Z
31/3/2025,14:48:06,EDT,"In two months, there has been more Private Investment spoken for, and/or committed to, than in four years of the Sleepy Joe Biden Administration — A fact that the Fake News hates talking about!",,https://twitter.com/realDonaldTrump/status/1906780560141250562,2025-03-31T18:48:06.000Z
31/3/2025,14:16:47,EDT,"Thank you President Bukele, of El Salvador, for taking the criminals that were so stupidly allowed, by the Crooked Joe Biden Administration, to enter our Country, and giving them such a wonderful place to live! https://t.co/NGciZozCxe",,https://twitter.com/realDonaldTrump/status/1906772680805646368,2025-03-31T18:16:47.000Z
31/3/2025,9:33:55,EDT,https://t.co/PRHm1dTtSX,,https://twitter.com/realDonaldTrump/status/1906701492192420117,2025-03-31T13:33:55.000Z
31/3/2025,9:30:28,EDT,"America First Patriot Randy Fine is running to represent the Wonderful People of Florida’s 6th Congressional District! A highly successful, Harvard educated businessman, and greatly respected State Legislator, Randy has been a tremendous Voice for MAGA. In Congress, Randy will be",,https://twitter.com/realDonaldTrump/status/1906700623615078744,2025-03-31T13:30:28.000Z
31/3/2025,9:30:06,EDT,"Jimmy Patronis, Chief Financial Officer and Fire Marshall for the Great State of Florida, is running an incredible Campaign for Congress in Florida’s 1st Congressional District! A fourth generation Floridian from the beautiful Panhandle, and owner of an iconic seafood restaurant,",,https://twitter.com/realDonaldTrump/status/1906700533240680783,2025-03-31T13:30:06.000Z
30/3/2025,16:39:21,EDT,"RT @OcrazioCornPop: 🚨 SIGNAL SCANDAL:  Katherine Maher, the leftist NPR CEO, is currently the Chair of the Board of Signal!  WHAT ARE THE O…",,https://twitter.com/realDonaldTrump/status/1906446171146531088,2025-03-30T20:39:21.000Z
28/3/2025,14:31:34,EDT,https://t.co/i1rW9HroWn,,https://twitter.com/realDonaldTrump/status/1905689237749727368,2025-03-28T18:31:34.000Z
24/3/2025,22:40:12,EDT,"FIGHT, FIGHT, FIGHT!!! https://t.co/irQ5B6TRE2",,https://twitter.com/realDonaldTrump/status/1904362652987429338,2025-03-25T02:40:12.000Z
21/3/2025,18:39:57,EDT,https://t.co/6TBzTaF8iM,https://pbs.twimg.com/media/GmmT-d3aEAAlGZx.jpg,https://twitter.com/realDonaldTrump/status/1903215026682380513,2025-03-21T22:39:57.000Z
21/3/2025,18:39:42,EDT,RT @mrddmia: 🚨 Newly Filed Motion To Disqualify Radical Obama Judge Beryl Howell From Trump Case  Read More: https://t.co/CyEILbUhyq https:…,,https://twitter.com/realDonaldTrump/status/1903214966338912603,2025-03-21T22:39:42.000Z
20/3/2025,16:23:52,EDT,https://t.co/7l5mGYjROe,,https://twitter.com/realDonaldTrump/status/1902818394946277485,2025-03-20T20:23:52.000Z
11/3/2025,21:44:49,EDT,"Elon Musk: “As a function of the great policies of President Trump and his administration, and as an act of faith in America, Tesla is going to DOUBLE vehicle output in the United States within the next two years…” https://t.co/g8jY77yxtP",,https://twitter.com/realDonaldTrump/status/1899637674241048800,2025-03-12T01:44:49.000Z
11/3/2025,21:41:44,EDT,"Number one, it's a great product, as good as it gets—and number two, because @ElonMusk has devoted his energy and his life to doing this and I think he has been treated very unfairly… https://t.co/6qrfwrbT0f",,https://twitter.com/realDonaldTrump/status/1899636898533867969,2025-03-12T01:41:44.000Z
11/3/2025,21:39:56,EDT,"RT @Scavino47: President Trump, @Elon, and X leave the Oval Office and head over to the South Portico of the @WhiteHouse where Elon helped…",,https://twitter.com/realDonaldTrump/status/1899636446149087529,2025-03-12T01:39:56.000Z
6/3/2025,22:28:16,EST,https://t.co/ReyOK1CGPF,,https://twitter.com/realDonaldTrump/status/1897851767817216426,2025-03-07T03:28:16.000Z
6/3/2025,22:27:17,EST,"RT @america: America is Back. Thank you, @realDonaldTrump! https://t.co/ABazdwMFt8",,https://twitter.com/realDonaldTrump/status/1897851519489261605,2025-03-07T03:27:17.000Z
4/3/2025,21:20:15,EST,https://t.co/LwOIz29x2t,,https://twitter.com/realDonaldTrump/status/1897109875856920752,2025-03-05T02:20:15.000Z
28/2/2025,15:08:06,EST,https://t.co/Ja8HQTFpf7,https://pbs.twimg.com/media/Gk5n1qdXgAAtFBR.jpg,https://twitter.com/realDonaldTrump/status/1895566669281636846,2025-02-28T20:08:06.000Z
28/2/2025,10:07:07,EST,RT @Scavino47: Behind the scenes at the @WhiteHouse as President @realDonaldTrump welcomes UK Prime Minister @Keir_Starmer to the West Wing…,,https://twitter.com/realDonaldTrump/status/1895490923854798913,2025-02-28T15:07:07.000Z
27/2/2025,15:32:25,EST,https://t.co/tJ22x6ldl3,,https://twitter.com/realDonaldTrump/status/1895210401891262760,2025-02-27T20:32:25.000Z
26/2/2025,16:31:55,EST,https://t.co/qpU1uT8B8Z,,https://twitter.com/realDonaldTrump/status/1894862986138808530,2025-02-26T21:31:55.000Z
24/2/2025,15:45:03,EST,https://t.co/9pZeARuStB,https://pbs.twimg.com/media/GklJ6zyW8AA63ci.jpg,https://twitter.com/realDonaldTrump/status/1894126415932526802,2025-02-24T20:45:03.000Z
24/2/2025,14:52:33,EST,https://t.co/BlCIdTrJDd,,https://twitter.com/realDonaldTrump/status/1894113204319424674,2025-02-24T19:52:33.000Z
19/2/2025,21:14:31,EST,https://t.co/nmaExq4VMw,https://pbs.twimg.com/media/GkMlZPpXEAA_PJ_.jpg,https://twitter.com/realDonaldTrump/status/1892397388595093561,2025-02-20T02:14:31.000Z
19/2/2025,17:42:43,EST,https://t.co/BlidhHnH2i,,https://twitter.com/realDonaldTrump/status/1892344088172646484,2025-02-19T22:42:43.000Z
19/2/2025,10:59:32,EST,https://t.co/PMcrOwXejI,https://pbs.twimg.com/media/GkKYoYPWMAAuCdj.jpg,https://twitter.com/realDonaldTrump/status/1892242622623699357,2025-02-19T15:59:32.000Z
18/2/2025,19:44:13,EST,https://t.co/xcDIB8Pi30,https://pbs.twimg.com/media/GkHHI3WWcAAK0Br.jpg,https://twitter.com/realDonaldTrump/status/1892012275789135905,2025-02-19T00:44:13.000Z
18/2/2025,19:43:25,EST,https://t.co/vtx3xYvguL,,https://twitter.com/realDonaldTrump/status/1892012075603382664,2025-02-19T00:43:25.000Z
17/2/2025,14:35:50,EST,"On Trade, I have decided, for purposes of Fairness, that I will charge a RECIPROCAL Tariff meaning, whatever Countries charge the United States of America, we will charge them - No more, no less!  For purposes of this United States Policy, we will consider Countries that use the",,https://twitter.com/realDonaldTrump/status/1891572283161944433,2025-02-17T19:35:50.000Z
17/2/2025,14:34:32,EST,https://t.co/eZUiPWNEEE,,https://twitter.com/realDonaldTrump/status/1891571953682481498,2025-02-17T19:34:32.000Z
17/2/2025,14:34:13,EST,https://t.co/WTZYKOPVnK,,https://twitter.com/realDonaldTrump/status/1891571874498232512,2025-02-17T19:34:13.000Z
15/2/2025,13:32:31,EST,He who saves his Country does not violate any Law.,,https://twitter.com/realDonaldTrump/status/1890831570535055759,2025-02-15T18:32:31.000Z
11/2/2025,23:19:57,EST,"WELCOME HOME, MARC!🇺🇸 https://t.co/0b2Igcqudp",,https://twitter.com/realDonaldTrump/status/1889529852757201368,2025-02-12T04:19:57.000Z
11/2/2025,10:15:30,EST,https://t.co/J5xnOUDsw1,https://pbs.twimg.com/media/GjhB0u6WAAEg-SV.jpg,https://twitter.com/realDonaldTrump/status/1889332439241085203,2025-02-11T15:15:30.000Z
11/2/2025,10:14:56,EST,https://t.co/TEXWLRe6pl,https://pbs.twimg.com/media/GjhBtB-WMAAxpSX.jpg,https://twitter.com/realDonaldTrump/status/1889332296919998557,2025-02-11T15:14:56.000Z
9/2/2025,18:03:50,EST,https://t.co/M1HzBZKrnA,,https://twitter.com/realDonaldTrump/status/1888725523393904876,2025-02-09T23:03:50.000Z
9/2/2025,17:18:37,EST,https://t.co/KyCbNARsA9,,https://twitter.com/realDonaldTrump/status/1888714144435851295,2025-02-09T22:18:37.000Z
7/2/2025,12:27:20,EST,https://t.co/fT2wFwfU0A,https://pbs.twimg.com/media/GjM5p8uWsAAmI4T.jpg,https://twitter.com/realDonaldTrump/status/1887916067491574108,2025-02-07T17:27:20.000Z
7/2/2025,12:27:06,EST,https://t.co/6MGaxjbHUz,https://pbs.twimg.com/media/GjM5mRkWgAA6djv.jpg,https://twitter.com/realDonaldTrump/status/1887916006523166886,2025-02-07T17:27:06.000Z
6/2/2025,17:52:11,EST,https://t.co/0DvI2cPDBo,https://pbs.twimg.com/media/GjI6aouXsAAmSd9.jpg,https://twitter.com/realDonaldTrump/status/1887635430385885279,2025-02-06T22:52:11.000Z
6/2/2025,11:45:43,EST,https://t.co/UeyP7NHjAo,https://pbs.twimg.com/media/GjHmibqWIAAk86a.jpg,https://twitter.com/realDonaldTrump/status/1887543203953275347,2025-02-06T16:45:43.000Z
6/2/2025,11:45:30,EST,https://t.co/JivikzDa3v,https://pbs.twimg.com/media/GjHmfMrWwAAGHsa.jpg,https://twitter.com/realDonaldTrump/status/1887543148781461806,2025-02-06T16:45:30.000Z
4/2/2025,14:14:15,EST,https://t.co/aw80b4Y6oN,https://pbs.twimg.com/media/Gi91W6wWkAA31NT.jpg,https://twitter.com/realDonaldTrump/status/1886855810451485180,2025-02-04T19:14:15.000Z
3/2/2025,11:45:58,EST,https://t.co/DC5Mx8yCiB,https://pbs.twimg.com/media/Gi4J01QX0AARHLT.jpg,https://twitter.com/realDonaldTrump/status/1886456105372459141,2025-02-03T16:45:58.000Z
3/2/2025,11:36:30,EST,https://t.co/PK1V8YklhY https://t.co/DB2rvH3vzr,,https://twitter.com/realDonaldTrump/status/1886453721871319097,2025-02-03T16:36:30.000Z
1/2/2025,17:44:15,EST,https://t.co/SWZtSm6NMX,https://pbs.twimg.com/media/GivIoV_XQAAgv-p.jpg,https://twitter.com/realDonaldTrump/status/1885821495080825305,2025-02-01T22:44:15.000Z
1/2/2025,12:20:50,EST,"This morning I ordered precision Military air strikes on the Senior ISIS Attack Planner and other terrorists he recruited and led in Somalia. These killers, who we found hiding in caves, threatened the United States and our Allies. The strikes destroyed the caves they live in,",,https://twitter.com/realDonaldTrump/status/1885740103223648412,2025-02-01T17:20:50.000Z
1/2/2025,12:20:43,EST,https://t.co/ltyGcGiiKR,https://pbs.twimg.com/media/Git-mj-XUAABQve.jpg,https://twitter.com/realDonaldTrump/status/1885740072705650821,2025-02-01T17:20:43.000Z
1/2/2025,12:20:17,EST,https://t.co/0qevDBhdLk,https://pbs.twimg.com/media/Git-gZQWYAAh5-6.jpg,https://twitter.com/realDonaldTrump/status/1885739966350667907,2025-02-01T17:20:17.000Z
1/2/2025,12:19:46,EST,"It is so good to have the Venezuela Hostages back home and, very important to note, that Venezuela has agreed to receive, back into their Country, all Venezuela illegal aliens who were encamped in the U.S., including gang members of Tren de Aragua. Venezuela has further agreed to",,https://twitter.com/realDonaldTrump/status/1885739833399619760,2025-02-01T17:19:46.000Z
31/1/2025,19:29:37,EST,Just been informed that we are bringing six hostages home from Venezuela. Thank you to Ric Grenell and my entire staff. Great job!,,https://twitter.com/realDonaldTrump/status/1885485623735124467,2025-02-01T00:29:37.000Z
31/1/2025,18:39:34,EST,"Photo of beautiful water flow that I just opened in California. Today, 1.6 billion gallons and, in 3 days, it will be 5.2 billion gallons. Everybody should be happy about this long fought Victory! I only wish they listened to me six years ago – There would have been no fire! https://t.co/Oaz92ZeiTh",https://pbs.twimg.com/media/GiqLuRlXMAA_ZUC.jpg,https://twitter.com/realDonaldTrump/status/1885473025476145386,2025-01-31T23:39:34.000Z
31/1/2025,10:14:36,EST,https://t.co/jIOdjGiwi0,https://pbs.twimg.com/media/GioYJMAXMAA5_RZ.jpg,https://twitter.com/realDonaldTrump/status/1885345948047462910,2025-01-31T15:14:36.000Z
31/1/2025,10:11:48,EST,https://t.co/0qNyRa9km3,,https://twitter.com/realDonaldTrump/status/1885345244167745561,2025-01-31T15:11:48.000Z
31/1/2025,7:19:54,EST,"RT @NicoleShanahan: Proud of you, Bobby, for taking the lead—and of every American who has every reason to give up but refuses to stop figh…",,https://twitter.com/realDonaldTrump/status/1885301983973650885,2025-01-31T12:19:54.000Z
28/1/2025,13:33:20,EST,https://t.co/matfK2s03a,https://pbs.twimg.com/media/GiZo3QOWYAINdjT.jpg,https://twitter.com/realDonaldTrump/status/1884308797239554429,2025-01-28T18:33:20.000Z
28/1/2025,13:33:07,EST,https://t.co/XkdLbwRePR,https://pbs.twimg.com/media/GiZo0ApWgAAKepj.jpg,https://twitter.com/realDonaldTrump/status/1884308740792541440,2025-01-28T18:33:07.000Z
25/1/2025,21:12:42,EST,https://t.co/hmxumW2iC0,https://pbs.twimg.com/media/GiL1PHSXwAAw8Zk.jpg,https://twitter.com/realDonaldTrump/status/1883337238198829126,2025-01-26T02:12:42.000Z
25/1/2025,12:33:42,EST,THE GOLDEN AGE OF AMERICA BEGINS RIGHT NOW! https://t.co/PSfDlAFpeO,,https://twitter.com/realDonaldTrump/status/1883206626787881080,2025-01-25T17:33:42.000Z
25/1/2025,11:50:55,EST,MAKE AMERICA GREAT AGAIN! https://t.co/K6FkyX1AZp,,https://twitter.com/realDonaldTrump/status/1883195857237062111,2025-01-25T16:50:55.000Z
22/1/2025,15:01:23,EST,Happy 20th Anniversary to Melania! https://t.co/VIcXSQb4QO,https://pbs.twimg.com/media/Gh7DeUsXYAE5Ne6.jpg,https://twitter.com/realDonaldTrump/status/1882156626028929186,2025-01-22T20:01:23.000Z
21/1/2025,18:19:06,EST,RT @realDonaldTrump: My NEW Official Trump Meme is HERE! It’s time to celebrate everything we stand for: WINNING! Join my very special Trum…,,https://twitter.com/realDonaldTrump/status/1881843998849130673,2025-01-21T23:19:06.000Z
20/1/2025,14:13:14,EST,Donald J. Trump Attends the Presidential Parade https://t.co/xath35WNXE,,https://twitter.com/realDonaldTrump/status/1881419736648499257,2025-01-20T19:13:14.000Z
20/1/2025,11:07:16,EST,The 60th Presidential Inauguration Ceremony https://t.co/kTB4w2VCdI,,https://twitter.com/realDonaldTrump/status/1881372933710589978,2025-01-20T16:07:16.000Z
19/1/2025,16:19:28,EST,RT @MELANIATRUMP: The Official Melania Meme is live!  You can buy $MELANIA now.    https://t.co/mgSwtOQYnq  FUAfBo2jgks6gB4Z4LfZkqSZgzNucis…,,https://twitter.com/realDonaldTrump/status/1881089112771572032,2025-01-19T21:19:28.000Z
19/1/2025,15:18:29,EST,President Trump’s Celebratory Victory Rally https://t.co/MCKNpDh8kG,,https://twitter.com/realDonaldTrump/status/1881073769449492971,2025-01-19T20:18:29.000Z
18/1/2025,12:44:23,EST,RT @EricTrump: I am extremely proud of what we continue to accomplish in crypto. $Trump is currently the hottest digital meme on earth and…,,https://twitter.com/realDonaldTrump/status/1880672600894173506,2025-01-18T17:44:23.000Z
17/1/2025,21:44:00,EST,My NEW Official Trump Meme is HERE! It’s time to celebrate everything we stand for: WINNING! Join my very special Trump Community. GET YOUR $TRUMP NOW. Go to https://t.co/GX3ZxT5xyq — Have Fun! https://t.co/flIKYyfBrC,https://pbs.twimg.com/media/GhivrlDWAAA7Ex3.jpg,https://twitter.com/realDonaldTrump/status/1880446012168249386,2025-01-18T02:44:00.000Z
13/1/2025,19:55:39,EST,https://t.co/5xCdrWmQEH,,https://twitter.com/realDonaldTrump/status/1878969190335590889,2025-01-14T00:55:39.000Z
5/1/2025,21:11:01,EST,"Members of Congress are getting to work on one powerful Bill that will bring our Country back, and make it greater than ever before. We must Secure our Border, Unleash American Energy, and Renew the Trump Tax Cuts, which were the largest in History, but we will make it even",,https://twitter.com/realDonaldTrump/status/1876089056817455175,2025-01-06T02:11:01.000Z
3/1/2025,0:22:32,EST,TRUMP WAS RIGHT ABOUT EVERYTHING!,,https://twitter.com/realDonaldTrump/status/1875050089305252190,2025-01-03T05:22:32.000Z
3/1/2025,0:22:11,EST,"Our Country is a disaster, a laughing stock all over the World! This is what happens when you have OPEN BORDERS, with weak, ineffective, and virtually nonexistent leadership. The DOJ, FBI, and Democrat state and local prosecutors have not done their job. They are incompetent and",,https://twitter.com/realDonaldTrump/status/1875050002046726519,2025-01-03T05:22:11.000Z
3/1/2025,0:21:51,EST,"With the Biden “Open Border’s Policy” I said, many times during Rallies, and elsewhere, that Radical Islamic Terrorism, and other forms of violent crime, will become so bad in America that it will become hard to even imagine or believe. That time has come, only worse than ever",,https://twitter.com/realDonaldTrump/status/1875049915367235899,2025-01-03T05:21:51.000Z
3/1/2025,0:21:18,EST,"The Tariffs, and Tariffs alone, created this vast wealth for our Country. Then we switched over to Income Tax. We were never so wealthy as during this period. Tariffs will pay off our debt and, MAKE AMERICA WEALTHY AGAIN! https://t.co/ZuAi9qCdai",,https://twitter.com/realDonaldTrump/status/1875049777186136481,2025-01-03T05:21:18.000Z
31/12/2024,14:41:44,EST,MAKE AMERICA GREAT AGAIN! https://t.co/IirB0lIah7,,https://twitter.com/realDonaldTrump/status/1874179147855257723,2024-12-31T19:41:44.000Z
31/12/2024,9:31:48,EST,"We just won a Historic Landslide and Mandate from the American People, but Senate Democrats are organizing to improperly stall and delay the confirmation process of many of our Great Nominees. They will try all sorts of tricks starting very soon. Republicans must not allow them",,https://twitter.com/realDonaldTrump/status/1874101153891295635,2024-12-31T14:31:48.000Z
25/12/2024,17:46:14,EST,https://t.co/dt3qNahL3Q,,https://twitter.com/realDonaldTrump/status/1872051253846614426,2024-12-25T22:46:14.000Z
22/12/2024,14:30:32,EST,"A beautiful morning in Phoenix, Arizona at @TPUSA #AMFEST2024. THANK YOU! https://t.co/bMGsEBQGvl",,https://twitter.com/realDonaldTrump/status/1870914841101340759,2024-12-22T19:30:32.000Z
14/12/2024,19:08:54,EST,"Christmas is coming! The hottest gift is my new book, “SAVE AMERICA.” No other book captures our Movement, our Campaign, and our FUTURE. Get your copy today! https://t.co/awtik9uN8p https://t.co/YdteHKrdJk",https://pbs.twimg.com/media/GezGHY4acAAKCqG.jpg,https://twitter.com/realDonaldTrump/status/1868085790485758308,2024-12-15T00:08:54.000Z
14/12/2024,13:30:55,EST,https://t.co/IVKeU3dqY6,https://pbs.twimg.com/media/Gex4wMCbYAAZDPq.jpg,https://twitter.com/realDonaldTrump/status/1868000735360905364,2024-12-14T18:30:55.000Z
14/12/2024,1:31:52,EST,Will be going to the Army/Navy Game tomorrow to root on these fantastic young men. Should be a great game. See you there! DJT,,https://twitter.com/realDonaldTrump/status/1867819780809666804,2024-12-14T06:31:52.000Z
13/12/2024,16:40:17,EST,"The Republican Party will use its best efforts to eliminate Daylight Saving Time, which has a small but strong constituency, but shouldn’t! Daylight Saving Time is inconvenient, and very costly to our Nation.",,https://twitter.com/realDonaldTrump/status/1867686000711155989,2024-12-13T21:40:17.000Z
11/12/2024,19:25:26,EST,The resignation of Christopher Wray is a great day for America as it will end the Weaponization of what has become known as the United States Department of Injustice. I just don’t know what happened to him. We will now restore the Rule of Law for all Americans. Under the,,https://twitter.com/realDonaldTrump/status/1867002787545965017,2024-12-12T00:25:26.000Z
7/12/2024,11:32:43,EST,"Opposition fighters in Syria, in an unprecedented move, have totally taken over numerous cities, in a highly coordinated offensive, and are now on the outskirts of Damascus, obviously preparing to make a very big move toward taking out Assad. Russia, because they are so tied up",,https://twitter.com/realDonaldTrump/status/1865434273953509462,2024-12-07T16:32:43.000Z
6/12/2024,0:04:20,EST,"A GREAT HONOR, THANK YOU! https://t.co/ALfxh0BDX5",,https://twitter.com/realDonaldTrump/status/1864898649752272919,2024-12-06T05:04:20.000Z
4/12/2024,12:16:42,EST,"I am delighted to nominate Jared Isaacman, an accomplished business leader, philanthropist, pilot, and astronaut, as Administrator of the National Aeronautics and Space Administration (NASA). Jared will drive NASA’s mission of discovery and inspiration, paving the way for",,https://twitter.com/realDonaldTrump/status/1864358177728516252,2024-12-04T17:16:42.000Z